City,Country,Max Temp,Current Description,Lat,Lng,Hotel Name
Abay,KZ,39.58,scattered clouds,49.6311,72.8539,Guest House on Abaya 144
Abn≈´b,EG,75.54,few clouds,27.2696,31.1511,Romany Adly Gad
Abu Samrah,SY,66.25,clear sky,35.3029,37.1841,
Acara√∫,BR,77.83,scattered clouds,-2.8856,-40.12,castelo pizzaria
Ada,US,76.35,clear sky,43.4166,-116.1262,
Santa Cruz,MA,66.65,scattered clouds,30.4202,-9.5982,Iberostar Founty Beach
Agropoli,IT,70.29,few clouds,40.3469,14.9966,B&B Baia di Trentova
Ahipara,NZ,61.75,light rain,-35.1667,173.1667,Ahipara Holiday Park
Airai,TL,59.95,scattered clouds,-8.9266,125.4092,Juvinal Martin
Aklavik,CA,51.17,few clouds,68.2191,-135.0107,Aklavik Inn
Aksarka,RU,35.2,few clouds,66.5606,67.7975,
Aksu,CN,72.86,scattered clouds,41.1231,80.2644,Pudong Holiday Hotel
Alamor,EC,62.64,light rain,-4.0181,-80.0197,HOTEL SOL D¬¥ JOZUE
Albury,AU,52.02,scattered clouds,-36.0833,146.9167,Albury Georgian Motel & Suites
Aldan,RU,50.81,broken clouds,58.6031,125.3894,Aldan Guest House
Alta Floresta,BR,76.93,broken clouds,-9.8756,-56.0861,Floresta Amazonica Hotel
Altay,CN,51.84,clear sky,47.8667,88.1167,Jinqiao Hotel
Alyangula,AU,75.07,overcast clouds,-13.8483,136.4192,Groote Eylandt Lodge
Amap√°,BR,72.54,light rain,1.0,-52.0,
Ambilobe,MG,70.2,broken clouds,-13.2,49.05,H√¥tel & Restaurant DIANA Ambilobe
Ambon City,ID,77.14,scattered clouds,-3.6954,128.1814,Swiss-Belhotel Ambon
Amparafaravola,MG,60.67,overcast clouds,-17.5833,48.2167,Aina Franco
Anadyr,RU,46.9,light rain,64.75,177.4833,"–ì–æ—Å—Ç–∏–Ω–∏—Ü–∞ ""–ê–Ω–∞–¥—ã—Ä—å"""
Ancud,CL,52.23,light rain,-41.8697,-73.8203,Hotel Arena Gruesa
Andenes,NO,57.47,overcast clouds,69.3143,16.1194,Hotell Marena
Antsohihy,MG,71.01,scattered clouds,-14.8796,47.9875,Hotel de Ville
Aranda de Duero,ES,56.23,clear sky,41.6704,-3.6892,Hotel Villa De Aranda
Arendonk,BE,58.8,clear sky,51.3227,5.0829,Fletcher Hotel-Restaurant De Kempen
Arman',RU,51.06,broken clouds,59.7,150.1667,
Arraial do Cabo,BR,73.36,broken clouds,-22.9661,-42.0278,Pousada Porto Praia
Arvika,SE,65.1,overcast clouds,59.6553,12.5852,Clarion Collection Hotel Bristol
AsƒÉu,RO,56.95,clear sky,46.4333,26.4,Casa Mika Ciobanus
Atambua,ID,71.85,scattered clouds,-9.1061,124.8925,Pastori 1 Jemaat Polycarpus
Avarua,CK,77.05,broken clouds,-21.2078,-159.775,Paradise Inn
Awjilah,LY,74.57,clear sky,29.1081,21.2869,
Esim,GH,79.14,few clouds,4.8699,-2.2405,AXIM BEACH RESORT AND SPA
Ayagoz,KZ,47.07,scattered clouds,47.9714,80.4392,Gostinitsa Nur
Ayan,RU,41.85,overcast clouds,56.45,138.1667,Gostinitsa
Aykhal,RU,36.91,overcast clouds,66.0,111.5,
Baharly,TM,77.86,clear sky,38.4362,57.4316,
Bahir Dar,ET,67.03,broken clouds,11.5936,37.3908,"Delano Hotel, Bahir Dar"
Balaipungut,ID,79.21,broken clouds,1.05,101.2833,
Balkanabat,TM,74.48,clear sky,39.5108,54.3671,Nebitchi Hotel
Bambous Virieux,MU,75.45,light rain,-20.3428,57.7575,Casa Tia Villa
Bandarbeyla,SO,78.87,clear sky,9.4942,50.8122,JABIR HOTEL
Banyo,CM,65.5,overcast clouds,6.75,11.8167,Motel JOMBA
Barabinsk,RU,53.19,clear sky,55.3571,78.357,Gostinichnyy Kompleks Noy
Barrow,US,32.02,mist,71.2906,-156.7887,King Eider Inn
Baruun-Urt,MN,66.76,overcast clouds,46.6806,113.2792,–ê—Ö–º–∞–¥—ã–Ω –∞–º—Ä–∞–ª—Ç —Å—É–≤–∏–ª–∞–ª
Batken,KG,60.12,broken clouds,39.8333,71.0,
Bayan,CN,61.29,clear sky,46.0833,127.4,Wanhao Inn
Beaufort,MY,76.12,overcast clouds,5.3473,115.7455,The Gem Hotel Beaufort
Bengkulu,ID,73.58,scattered clouds,-3.8004,102.2655,Grage Hotel Bengkulu
Benguela,AO,73.74,few clouds,-12.5763,13.4055,Hotel Praia Morena
Bereda,ES,55.92,broken clouds,43.2686,-7.5406,Pazo de Verdes
Beringovskiy,RU,34.68,light rain,63.05,179.3167,Beringgorski
Berlev√•g,NO,39.25,clear sky,70.8578,29.0864,Kvitbrakka
Betafo,MG,52.14,overcast clouds,-19.8333,46.85,CHEZ MALALA
Beyneu,KZ,65.53,clear sky,45.3167,55.2,NUR
Biak,ID,77.22,overcast clouds,-0.9131,122.8766,Penginapan Kim
Bichura,RU,41.07,overcast clouds,50.5881,107.6022,Gostinitsa Uyut
Bilibino,RU,66.9,clear sky,68.0546,166.4372,Gostinitsa Severyanka
Biloela,AU,62.1,clear sky,-24.4167,150.5,Silo Motor Inn
Bima,ID,75.74,scattered clouds,-8.4667,118.7167,Lambitu Hotel
Birjand,IR,79.92,clear sky,32.8663,59.2211,Birjand Tourist Hotel
Bisira,PA,66.25,broken clouds,8.5196,-81.7115,
Bluff,NZ,49.8,broken clouds,-46.6,168.3333,Bluff Homestead - Guesthouse & Campervan Park
Boca do Acre,BR,74.88,overcast clouds,-8.7522,-67.3978,Hotel Sao Pedro
Boende,CD,70.25,overcast clouds,-0.2167,20.8667,
Bom Jesus,BR,78.35,overcast clouds,-9.0744,-44.3586,Hotel Bras√£o & Floricultura Bella Flor
Boma,GH,73.38,scattered clouds,7.0805,-2.1697,Obaatanpa Hotel
Bonavista,CA,39.16,broken clouds,48.6499,-53.1147,Abbott's Bed & Breakfast
Bontang,ID,77.95,moderate rain,0.1333,117.5,KOPKAR Hotel Bintang Sintuk
Borogontsy,RU,55.72,overcast clouds,62.6683,131.1683,
Borovoy,RU,56.48,clear sky,55.4333,86.0833,Tsimus
Boyolangu,ID,74.68,scattered clouds,-8.1181,111.8935,Yos ega cv
Brae,GB,48.11,scattered clouds,60.3964,-1.353,Busta House Hotel
Bredasdorp,ZA,57.27,clear sky,-34.5322,20.0403,Bredasdorp Country Manor
Broken Hill,AU,52.7,scattered clouds,-31.95,141.4333,Royal Exchange Hotel
Buchanan,LR,76.96,overcast clouds,5.8808,-10.0467,Kamaneahn Hotel Inc
Buin,CL,62.74,overcast clouds,-33.7333,-70.75,Paihuen
Burnie,AU,55.89,overcast clouds,-41.0667,145.9167,Beachfront Voyager Motor Inn
Burns Lake,CA,56.35,overcast clouds,54.2331,-125.7533,Burns Lake Bed and Breakfast
Busselton,AU,46.09,clear sky,-33.65,115.3333,Observatory Guest House
Cabudare,VE,73.09,overcast clouds,10.0289,-69.0894,Urbanizaci√≥n Ribera Santa Lucia
Cairns,AU,72.07,light rain,-16.9167,145.7667,Mantra Trilogy Cairns
Calvi√†,ES,65.91,clear sky,39.5657,2.5062,Castell Son Claret
Camacha,PT,63.36,scattered clouds,33.0833,-16.3333,Hotel Porto Santo & Spa
Camacupa,AO,53.55,broken clouds,-12.0167,17.4833,
Caman√°,PE,64.08,scattered clouds,-16.6228,-72.7111,Hostal Morales
Camiri,BO,68.16,overcast clouds,-20.05,-63.5167,J R Hotel
Cap Malheureux,MU,75.69,light rain,-19.9842,57.6142,Pereybere Hotel & Spa
Cape Town,ZA,72.01,clear sky,-33.9258,18.4232,Southern Sun Waterfront Cape Town
Carnarvon,AU,60.87,overcast clouds,-24.8667,113.6333,Hospitality Carnarvon
Carnot,CF,67.96,broken clouds,4.9409,15.8665,
Carutapera,BR,74.8,moderate rain,-1.195,-46.02,Lidera
Cassil√¢ndia,BR,74.53,scattered clouds,-19.1133,-51.7342,Delirius Motel
Castro,BR,60.35,overcast clouds,-24.7911,-50.0119,CHACARA BAILLY
Cayenne,GF,79.09,clear sky,4.9333,-52.3333,H√¥tel Le Dronmi
Charyshskoye,RU,46.35,clear sky,51.3978,83.5598,Gostinitsa Charysh
Chernyshevskiy,RU,42.33,clear sky,63.0128,112.4714,Chernyseyskiy
Chifeng,CN,67.62,light rain,42.2683,118.9636,Junyu Tiancheng Hotel
Chimbote,PE,65.26,broken clouds,-9.0853,-78.5783,Hotel Viera Chimbote
Chokurdakh,RU,38.88,overcast clouds,70.6333,147.9167,
Chumikan,RU,40.71,overcast clouds,54.7183,135.315,Fortuna
Chui,UY,50.38,broken clouds,-33.6971,-53.4616,Nuevo Hotel Plaza
Cidreira,BR,63.05,light rain,-30.1811,-50.2056,Hotel Castelo
Clyde River,CA,34.03,overcast clouds,70.4692,-68.5914,Qamaq Hotel
Codrington,AU,57.27,overcast clouds,-38.2667,141.9667,Codrington Gardens Bed And Breakfast
Cody,US,79.92,scattered clouds,44.5263,-109.0565,Buffalo Bill (Cabins) Village
Coyhaique,CL,44.55,light rain,-45.5752,-72.0662,Diego De Almagro Coyhaique
Colac,AU,55.62,overcast clouds,-38.3333,143.5833,Otway Gate Motel
College,US,69.66,broken clouds,64.8569,-147.8028,Pike's Waterfront Lodge
Comodoro Rivadavia,AR,49.86,clear sky,-45.8667,-67.5,Austral Hotel
Constituci√≥n,CL,51.93,overcast clouds,-35.3333,-72.4167,Hotel Boutique Las Azucenas
Copiap√≥,CL,61.11,clear sky,-27.3667,-70.3333,San Francisco de La Selva
Coquimbo,CL,55.13,overcast clouds,-29.9533,-71.3436,Punto de encuentro
Cuamba,MZ,60.48,scattered clouds,-14.8031,36.5372,Hotel Vision
Dalby,AU,56.71,clear sky,-27.1833,151.2667,Kobbers Motor Inn Dalby
Dalvik,IS,51.17,broken clouds,65.9702,-18.5286,Dalv√≠k HI Hostel
Darhan,MN,44.13,overcast clouds,49.4867,105.9228,Buudai Hotel
Daru,PG,77.4,overcast clouds,-9.0763,143.2092,Daru Lodge
Dashitou,CN,56.97,clear sky,43.3067,128.5114,Â§ßÊûóÂÆæÈ¶Ü
Deputatsky,RU,43.63,clear sky,69.3,139.9,Baza Otdykha
Dingle,PH,78.48,light rain,10.9995,122.6711,SEGAYA PROPERTY
Dinguiraye,GN,79.0,scattered clouds,11.3,-10.7167,
Domoni,KM,77.49,broken clouds,-12.2569,44.5319,Al Djadid
Dongsheng,CN,67.71,overcast clouds,39.8161,109.9776,Crowne Plaza Ordos
Donja Dubica,BA,66.27,overcast clouds,45.075,18.4114,"Gazdinstvo ""Miƒáo I sinovi"""
Durban,ZA,60.03,clear sky,-29.8579,31.0292,Hilton Durban
East London,ZA,62.28,clear sky,-33.0153,27.9116,Tu Casa
Emerald,AU,59.34,clear sky,-23.5333,148.1667,The Irish Village
Erenhot,CN,70.74,broken clouds,43.6475,111.9767,Erenhot Rurouni Youth Hostel
Esperance,AU,57.04,overcast clouds,-33.8667,121.9,Hospitality Esperance
Evensk,RU,43.97,overcast clouds,61.95,159.2333,
Exeter,GB,57.49,clear sky,50.7236,-3.5275,Queens Court Hotel
Eyl,SO,78.64,clear sky,7.9803,49.8164,Amiin Hotel
Fairbanks,US,68.34,light rain,64.8378,-147.7164,Westmark Fairbanks Hotel & Conference Center
Faranah,GN,76.95,few clouds,10.0404,-10.7434,Chez mon oncle
Faya,SA,70.32,clear sky,18.3851,42.4509,ŸÖŸÇÿ®ÿ±ÿ© ÿßŸÑ ŸÖÿ¨ŸÖŸÑ
Flinders,AU,60.06,overcast clouds,-34.5833,150.8552,Shellharbour Resort & Conference Centre
Fortuna,US,72.48,clear sky,40.5982,-124.1573,Super 8 by Wyndham Fortuna
Gafanha da Encarna√ß√£o,PT,62.28,clear sky,40.6181,-8.733,Hotel Barra
G√°lia,BR,72.59,scattered clouds,-22.2914,-49.5528,Galia Hotel
Galle,LK,79.88,overcast clouds,6.0367,80.217,Amangalla
Gamba,GA,75.13,overcast clouds,-2.65,10.0,
Kiryat Gat,IL,68.68,clear sky,31.61,34.7642,OlusHome
Gboko,NG,75.11,light rain,7.3179,8.9951,Mavillah Apartment and Suites
General Pico,AR,48.6,overcast clouds,-35.6566,-63.7568,Hotel Malargue
General Roca,AR,52.5,overcast clouds,-39.0333,-67.5833,Hotel y Casino del R√≠o General Roca
Geraldton,AU,55.81,overcast clouds,-28.7667,114.6,Broadwater Mariner Resort
Ginir,ET,55.98,broken clouds,7.1333,40.7,Sura Dare Village
Gold Coast,AU,65.03,clear sky,-28.0,153.4333,Mantra Towers of Chevron Surfers Paradise
Gorontalo,ID,76.42,overcast clouds,0.5412,123.0595,Maqna Hotel by Prasanthi
Grand Gaube,MU,71.38,light rain,-20.0064,57.6608,Veranda Paul et Virginie Hotel & Spa
Gravdal,NO,53.08,overcast clouds,68.1214,13.5031,Skreda Rorbusuiter
Grindavik,IS,48.67,broken clouds,63.8424,-22.4338,Northern Light Inn & Max's Restaurant
Guaduas,CO,78.67,overcast clouds,5.0669,-74.595,Hotel Jordan
Guarapari,BR,72.9,overcast clouds,-20.6667,-40.4975,Hotel Porto do Sol
Gubkinskiy,RU,37.58,clear sky,64.434,76.5026,MonarcH
Guerrero Negro,MX,69.49,broken clouds,27.9769,-114.0611,"Casa Laguna, Bed & Breakfast"
Haimen,CN,76.89,overcast clouds,23.1935,116.6142,Jinghao Business Hotel
Hambantota,LK,79.45,overcast clouds,6.1241,81.1185,Bungalow 63
Kumul,CN,64.26,scattered clouds,42.8,93.45,Laoyutang Resort
Hammerfest,NO,39.65,clear sky,70.6634,23.6821,Skytterhuset
Hanmer Springs,NZ,47.34,overcast clouds,-42.5167,172.8167,The Chalets Motel
Harper,LR,78.06,light rain,4.375,-7.7169,Screensaver
Hasaki,JP,72.28,overcast clouds,35.7333,140.8333,Hotel Sunrise Choshi
Hav√∏ysund,NO,40.08,clear sky,70.9963,24.6622,Arctic View Glamping & Restaurant
Hay River,CA,49.98,broken clouds,60.8156,-115.7999,Ptarmigan Inn
Hemsedal,NO,54.32,scattered clouds,60.8629,8.5534,Hemsetunet Estate AS
Hengyang,CN,72.77,scattered clouds,26.8881,112.615,Honglin Guesthouse
Hermanus,ZA,66.9,clear sky,-34.4187,19.2345,Misty Waves Boutique Hotel
Hervey Bay,AU,67.03,clear sky,-25.2986,152.8535,Shelly Bay Resort
Hobart,AU,57.25,light rain,-42.8794,147.3294,Mantra on Collins Hobart
Hobyo,SO,78.37,scattered clouds,5.3505,48.5268,Halane Hotel and Restaurent
Hofn,IS,46.99,light rain,64.2539,-15.2082,H√≥tel H√∂fn
Hokitika,NZ,53.74,overcast clouds,-42.7167,170.9667,Beachfront Hotel Hokitika
Honningsv√•g,NO,40.23,clear sky,70.9821,25.9704,Nordkapp Vandrerhjem
Khovd,MN,46.08,clear sky,48.0056,91.6419,Hotel Khovd
Hrebinka,UA,53.83,overcast clouds,50.1171,32.4361,
Hri≈àov√°,SK,57.2,scattered clouds,48.5779,19.5257,Chata Milan pod Poƒæanou
Hualmay,PE,64.92,scattered clouds,-11.0964,-77.6139,Hotel Villa Kitzia Huacho
Hu√°nuco,PE,64.27,overcast clouds,-9.9329,-76.2415,Sweet Dreams
Huilong,CN,75.04,moderate rain,31.8111,121.655,Hilton Garden Inn Qidong
Husavik,IS,51.71,broken clouds,66.0449,-17.3389,Bjarnab√∫√∞
IbrƒÅ‚Äô,OM,78.69,clear sky,22.6906,58.5334,ŸÖÿ≤ÿ±ÿπÿ© ÿ±ÿßÿ≠ÿ© ÿßŸÑŸÜŸÅŸàÿ≥ ÿßŸÑŸÖŸÜÿ≤ŸÅÿ©
Igaci,BR,68.74,clear sky,-9.5369,-36.6336,JE Hotel
Igarka,RU,32.88,overcast clouds,67.4667,86.5833,"Zapolyar'ye, Gostinitsa"
Ilhabela,BR,69.53,scattered clouds,-23.7781,-45.3581,Ilha Flat Hotel
Illapel,CL,57.51,overcast clouds,-31.6308,-71.1653,Hotel Londres
Inuvik,CA,51.17,clear sky,68.3499,-133.7218,Nova Inn Inuvik
Inverell,AU,55.67,clear sky,-29.7833,151.1167,Sapphire City Motor Inn
Ipameri,BR,71.98,overcast clouds,-17.7219,-48.1597,Real Hotel
Iqaluit,CA,33.53,light snow,63.7506,-68.5145,Frobisher Inn
Isangel,VU,77.11,broken clouds,-19.55,169.2667,Tanna Lodge
Isetskoye,RU,54.43,few clouds,56.4858,65.3226,"Belyye Rosy, Gostinitsa"
ƒ∞skilip,TR,52.05,clear sky,40.7353,34.4739,ƒ∞skilip √ñƒüretmenevi
Itarema,BR,77.4,scattered clouds,-2.9248,-39.9167,"Sea Lounge! Bar, Club & Restaurant"
Itoman,JP,75.97,light rain,26.1247,127.6694,Southern Beach Hotel & Resort Okinawa
Ivanava,BY,54.7,scattered clouds,52.1451,25.5365,Bed&Breakfast Valeria
Iwanai,JP,62.65,overcast clouds,42.9744,140.5089,„ÅÑ„Çè„Å™„ÅÑÈ´òÂéü„Éõ„ÉÜ„É´
Jacareacanga,BR,78.8,overcast clouds,-6.2222,-57.7528,Casa do Ianüòé
Jalu,LY,74.97,clear sky,29.0331,21.5482,ÿµÿßÿ≠ÿ®ÿ© ÿßŸÑŸÅÿÆÿßŸÖÿ©
Jatiroto,ID,72.32,scattered clouds,-7.8833,111.1167,Mushola Al Huda
Jauja,PE,52.45,broken clouds,-11.7758,-75.4966,Hotel TunanMarca
Jieshi,CN,77.27,few clouds,22.8134,115.8257,Yuehai Hotel
Jumla,NP,54.36,few clouds,29.2747,82.1838,"‡§Ö‡§®‡•ç‡§®‡•Ä ‡§ò‡§∞, ‡§ú‡•Å‡§Æ‡•ç‡§≤‡§æ - Anni Ghar"
Juneau,US,54.21,light rain,58.3019,-134.4197,"Baranof Downtown, Bw Signature Collection"
Kabale,UG,55.54,broken clouds,-1.2486,29.9899,Kwanzi
Kaeo,NZ,60.33,moderate rain,-35.1,173.7833,Bushido Lodge
Kaitangata,NZ,49.15,broken clouds,-46.2817,169.8464,Kaitangata Motor Camp
Kalengwa,ZM,54.77,few clouds,-13.4659,25.0027,
Kamaishi,JP,68.95,overcast clouds,39.2667,141.8833,Hotel Route Inn Kamaishi
Kampot,KH,78.85,overcast clouds,10.6167,104.1833,Two Moons Hotel
Kangaatsiaq,GL,37.4,scattered clouds,68.3065,-53.4641,
Kansk,RU,50.97,broken clouds,56.2017,95.7175,–•–æ—Å—Ç–µ–ª –≤ –ö–∞–Ω—Å–∫–µ
Karoi,ZW,48.47,broken clouds,-16.8099,29.6925,Chikangwe Guest houses
Karpathos,GR,68.65,clear sky,35.507,27.2132,Alex
Karratha,AU,74.23,broken clouds,-20.7377,116.8463,ibis Styles Karratha
Kasempa,ZM,54.88,broken clouds,-13.4584,25.8338,Lolelunga Forest Reserve
Katangli,RU,39.69,overcast clouds,51.7102,143.2326,
Katherine,AU,62.92,scattered clouds,-14.4667,132.2667,Pine Tree Motel
Katsuura,JP,73.18,overcast clouds,35.1333,140.3,Katsuura Hotel Mikazuki
Kautokeino,NO,48.24,clear sky,69.0125,23.0412,Thon Hotel Kautokeino
Kawalu,ID,71.01,broken clouds,-7.3817,108.2082,KOSAN UNGU UNSIK
Keningau,MY,73.85,overcast clouds,5.3378,116.1602,Sabindo Hotel
Kerema,PG,76.71,light rain,-7.9631,145.7785,Frena Lodge
Ketchikan,US,53.58,light rain,55.3422,-131.6461,Snows Cove Lodge
Khandyga,RU,61.34,overcast clouds,62.6667,135.6,Apel'sin
Kharp,RU,33.73,clear sky,66.8014,65.8081,"Hotel ""Sob"""
KhƒÅsh,IR,78.19,clear sky,28.2211,61.2158,ÿØŸÅÿ™ÿ± Ÿæ€åÿ¥ÿÆŸàÿßŸÜ ÿØŸàŸÑÿ™ ÿ¨ŸÖÿßŸÑ ÿ≤Ÿá€å (ÿÆÿßŸÑÿØ)
Khatanga,RU,34.41,overcast clouds,71.9667,102.5,"Gostinitsa ""Zapolyar'ye"""
Khomeyn,IR,69.76,clear sky,33.6423,50.0789,ŸÖŸàÿ®ÿß€åŸÑ ŸÖÿ≤ÿØ⁄© (ÿ≥ÿ¨ÿßÿØ)
Khuzdar,PK,77.49,clear sky,27.7384,66.6434,jhalwan Rent A Car Moola Chotok Boking Office
Kikwit,CD,71.11,scattered clouds,-5.041,18.8162,HOTEL PLACE YALABA
Kismayo,SO,76.5,light rain,-0.3582,42.5454,Agan-Hotel
Kiunga,PG,75.2,overcast clouds,-6.1219,141.2906,Airport Lodge Kiunga
Klaksv√≠k,FO,49.12,overcast clouds,62.2266,-6.589,Airbnb rooms
Kloulklubed,PW,77.5,moderate rain,7.0419,134.2556,Storyboard Beach Resort
Koch BihƒÅr,IN,75.72,few clouds,26.3167,89.4333,Hotel Yubraj
Saint Paul Harbor,US,55.89,few clouds,57.79,-152.4072,Best Western Kodiak Inn And Convention Center
Kolomna,RU,57.45,overcast clouds,55.0794,38.7783,Kolomna Hotel
Korla,CN,70.47,scattered clouds,41.7597,86.1469,Gulisitan Hotel
Kortkeros,RU,57.2,broken clouds,61.8106,51.5806,SCP FOUNDATION
Koungou,YT,78.51,overcast clouds,-12.7336,45.2042,Villa Netibor
Kralendijk,BQ,79.97,overcast clouds,12.15,-68.2667,Divi Flamingo Beach Resort & Casino
Krasnoarmeysk,RU,60.3,scattered clouds,51.0239,45.6969,"Hotel ""Your home-Balzer"""
Kruisfontein,ZA,56.55,clear sky,-34.0033,24.7314,Oyster Bay House Rental
Kungurtug,RU,37.99,overcast clouds,50.5994,97.5228,
Kupang,ID,75.78,few clouds,-10.1667,123.5833,Hotel On The Rock by Prasanthi
Kurumkan,RU,51.33,overcast clouds,54.3,110.3,Ilikchin
Kyra,RU,62.2,overcast clouds,49.5776,111.9753,
Lagoa,PT,63.82,overcast clouds,39.05,-27.9833,Casa Das Faias
Lakes Entrance,AU,56.57,overcast clouds,-37.8811,147.981,The Esplanade Resort & Spa
Laas,IT,58.62,overcast clouds,46.6166,10.7002,Pension Feldg√§rtenhof
Lata,PT,59.81,clear sky,40.1629,-8.3327,Casa Maquia
Lavrentiya,RU,34.79,light rain,65.5833,-171.0,
Lebu,CL,48.79,overcast clouds,-37.6167,-73.65,Hostal Las Lilas
Leningradskiy,RU,41.85,few clouds,69.3833,178.4167,
Liaoyang,CN,66.52,clear sky,41.2719,123.1731,Jinjiang Inn Style Liaoyang Xiangyu Avenue
Liku,ID,73.85,light rain,-0.7275,119.8922,Kost Raisa & homestay
Linqiong,CN,78.78,overcast clouds,30.4159,103.4609,Tianlun Tanxianglou Hotel
Linxia Chengguanzhen,CN,57.38,overcast clouds,35.6003,103.2064,GreenTree Inn Linxia Autonomous Prefecture Linxia Oxford River Avenue Express Hotel
Llata,PE,53.31,overcast clouds,-9.4167,-76.7833,Hospedaje Familia Collazos Espinoza
Lompoc,US,76.01,overcast clouds,34.6391,-120.4579,"Holiday Inn Express Lompoc, an IHG Hotel"
Longyearbyen,SJ,35.44,clear sky,78.2186,15.6401,"Radisson Blu Polar Hotel, Spitsbergen"
Los Llanos de Aridane,ES,64.15,overcast clouds,28.6585,-17.9182,Valle Aridane
Los Reyes Acaquilpan,MX,76.75,broken clouds,19.35,-98.9667,Hotel Caba√±a Real
Luga,RU,55.2,broken clouds,58.7372,29.8453,U Lysoy Gory Hotel
Lukovetskiy,RU,35.58,clear sky,64.2956,41.9211,Gostinitsa
Lys'va,RU,55.31,broken clouds,58.1086,57.8053,Center Hotel
Lyuban',BY,54.34,clear sky,52.7985,28.0048,
Mackay,AU,66.04,overcast clouds,-21.15,149.2,International Lodge Motel
Mahajanga,MG,73.42,few clouds,-15.7167,46.3167,Restaurant Greedy Coco Lodge Majunga
Mah√©bourg,MU,75.49,light rain,-20.4081,57.7,Shandrani Beachcomber Resort & Spa
Makushino,RU,54.36,clear sky,55.2103,67.2442,Cristina Hotel
Malartic,CA,73.22,light rain,48.1335,-78.1328,Camping Regional De Malartic
Mana,GF,76.14,overcast clouds,5.6592,-53.7767,LE SAMANA
Mandalgovi,MN,44.74,clear sky,45.7625,106.2708,–í.–ì–∞–Ω–±–∞—Ç
Mandurah,AU,48.97,few clouds,-32.55,115.7,Atrium Hotel Mandurah
Mankono,CI,76.48,light rain,8.0586,-6.1897,Hotel Cajoux
Mapiri,BO,67.86,broken clouds,-15.25,-68.1667,
Mar del Plata,AR,54.12,clear sky,-38.0023,-57.5575,Gran Hotel Mar del Plata
Maragogi,BR,75.79,clear sky,-9.0122,-35.2225,Salinas do Maragogi All Inclusive Resort
Marang,MY,78.19,overcast clouds,5.2056,103.2059,DBarakah Homestay
Mareeba,AU,68.72,overcast clouds,-17.0,145.4333,Trinity Plains Tourist Park
Mar√≠lia,BR,67.17,scattered clouds,-22.2139,-49.9458,Hotel Tenda
Mars√° Ma≈£r≈´·∏©,EG,69.6,clear sky,31.3525,27.2453,Beau Site
Marsabit,KE,63.36,few clouds,2.3284,37.9899,Chicho Hotel
Marsh Harbour,BS,79.52,overcast clouds,26.5412,-77.0636,Abaco Beach Resort
Matara,LK,78.22,overcast clouds,5.9485,80.5353,Amaloh Boutique Resort
Mataura,NZ,49.48,broken clouds,-46.1927,168.8643,Ellie's Villa
Merauke,ID,76.5,overcast clouds,-8.4667,140.3333,
Meulaboh,ID,74.19,moderate rain,4.1363,96.1285,Kost Pria
Mingoyo,TZ,65.71,clear sky,-10.1,39.6333,CHIMBENDE LODGE
Mingyue,CN,59.61,few clouds,43.1069,128.9217,ÂÆâÂõæÂúüÂú∞Â§ßÂé¶
Marabu,MY,73.54,few clouds,4.4148,114.0089,"Mega Hotel, Miri"
Mit√∫,CO,73.83,overcast clouds,1.1983,-70.1733,
Mizque,BO,59.07,scattered clouds,-17.941,-65.3402,Hotel Mizque Boutique
Moose Factory,CA,73.4,broken clouds,51.2585,-80.6094,Moosonee Lilypad
Mor√≥n,AR,53.02,light rain,-34.6534,-58.6198,Hotel Mor√≥n
Mount Isa,AU,60.57,clear sky,-20.7333,139.5,ibis Styles Mt Isa Verona
Muisne,EC,76.57,overcast clouds,0.6,-80.0333,Quinta Samay
Mutoko,ZW,46.17,broken clouds,-17.397,32.2268,Mutoko Hotel
Mwanza,TZ,68.63,scattered clouds,-2.5167,32.9,Gold Crest Hotel
Mwinilunga,ZM,54.88,broken clouds,-11.7358,24.4293,Kwakuwahi Lodge
Nabire,ID,78.01,overcast clouds,-3.3667,135.4833,Hotel Nusantara Nabire
Nakhon Phanom,TH,74.71,overcast clouds,17.3333,104.4167,‡∏õ‡πà‡∏≤‡∏¢‡∏≤‡∏á‡∏£‡∏µ‡∏™‡∏≠‡∏£‡πå‡∏ó
Mossamedes,AO,74.14,scattered clouds,-15.1961,12.1522,Hotel Chik Chik Namibe
Namie,JP,70.97,overcast clouds,37.4833,141.0,„ÅÑ„Åì„ÅÑ„ÅÆÊùë„Å™„Åø„Åà
Nanlong,CN,76.87,light rain,31.3533,106.0631,Demei Hotel
Nanortalik,GL,44.28,overcast clouds,60.1432,-45.2371,Hotel Kap Farvel
Narsaq,GL,46.04,overcast clouds,60.9167,-46.05,Narsaq Kayak Hostel
Naze,JP,74.32,overcast clouds,28.3667,129.4833,Â•ÑÁæé„Éù„Éº„Éà„Çø„ÉØ„Éº„Éõ„ÉÜ„É´
Necochea,AR,47.03,overcast clouds,-38.5473,-58.7368,dyd -mar Hotel
New Norfolk,AU,56.91,light rain,-42.7826,147.0587,The Shingles Riverside Cottages
Newport,GB,59.11,clear sky,51.5877,-2.9984,ibis budget Newport
Nezhinskiy,RU,50.09,light rain,43.9283,42.6856,–ì–æ—Å—Ç–µ–≤–æ–π –î–æ–º ¬´Rest-Exclusive¬ª
Nhamund√°,BR,79.99,overcast clouds,-2.1861,-56.7131,Pousada Da Praia
N√≠jar,ES,65.84,clear sky,36.9665,-2.206,La Casa del Cine
Nikolskoye,RU,60.69,broken clouds,59.7035,30.7861,Tourist House - Sablino
Nishihara,JP,75.25,light rain,26.1842,127.7558,Minshuku Agaihama
Nizhnevartovsk,RU,37.42,clear sky,60.9344,76.5531,Gostinichnyy Kompleks Samotlor
Nokaneng,BW,49.19,clear sky,-19.6667,22.2667,
Nome,US,37.17,overcast clouds,64.5011,-165.4064,Dredge 7 Inn
Norman Wells,CA,51.84,light rain,65.282,-126.8329,Heritage Hotel
Norsup,VU,78.3,overcast clouds,-16.0667,167.3833,Nabelchel Bungalows
Northam,GB,56.3,few clouds,51.0333,-4.2167,Durrant House Hotel
Novikovo,RU,53.51,few clouds,51.1537,37.8879,
Nyakahanga,TZ,59.23,broken clouds,-1.6033,31.1414,Tindamanyire Guest House
Nyurba,RU,50.67,overcast clouds,63.2842,118.3319,Gostinitsa Alrosa
Oga,IT,51.69,overcast clouds,46.4631,10.347,QC Terme Bagni di Bormio Bagni Nuovi
Okha,RU,37.33,overcast clouds,53.5739,142.9478,–ò–º–ø–µ—Ä–∏—è
Oktyabr'skoye,RU,55.54,overcast clouds,43.0645,44.7417,Prolesok Mini-hotel
Ombou√©,GA,75.94,overcast clouds,-1.5746,9.2618,Hotel Olako
Ossora,RU,40.46,overcast clouds,59.2353,163.0719,
√ñstersund,SE,55.62,light rain,63.1792,14.6357,Best Western Hotel Gamla Teatern
Ostrovnoy,RU,37.96,clear sky,68.0531,39.5131,
Ous,RU,47.5,broken clouds,60.9058,61.5186,
Ovalle,CL,62.29,broken clouds,-30.5983,-71.2003,Hotel Altos de Tuqui
Oyama,JP,73.81,overcast clouds,36.3,139.8,Toyoko Inn Oyama-eki Higashi-guchi No.1
Paamiut,GL,38.16,light rain,61.994,-49.6678,Hotel Ivaana
Padang,ID,75.6,broken clouds,-0.9492,100.3543,Mercure Padang
Palana,RU,44.17,overcast clouds,59.1167,159.9667,
Pangkalanbuun,ID,73.96,broken clouds,-2.6833,111.6167,Grand Kecubung Hotel
Pangnirtung,CA,32.49,scattered clouds,66.1451,-65.7125,Kilabuk Lodge
Penalva,BR,79.36,broken clouds,-3.2942,-45.1736,Hotel S√£o Jos√©
Penzance,GB,54.61,scattered clouds,50.1186,-5.5371,Artist Residence Penzance
Perbaungan,ID,77.11,broken clouds,3.5679,98.956,Bendang Lama
Petukhovo,RU,54.81,clear sky,55.0692,67.9019,–ì–æ—Å—Ç–∏–Ω–∏—Ü–∞
Pevek,RU,48.31,scattered clouds,69.7008,170.3133,Hotel ABC
Pimentel,PE,70.09,overcast clouds,-6.8367,-79.9342,Casona Del Muelle
Pi≈Ñcz√≥w,PL,60.94,broken clouds,50.5205,20.5265,Hotel Nad StarƒÖ NidƒÖ
Pingzhuang,CN,67.3,light rain,42.0372,119.2889,Haoke Guest House
Pisco,PE,65.01,clear sky,-13.7,-76.2167,Hotel San Isidro Oficial
Pitsunda,GE,55.58,broken clouds,43.1592,40.3378,Hotel FREEDOM
Pl√°cido de Castro,BR,79.59,overcast clouds,-10.3353,-67.1856,Hotel Carioca
Plast,RU,54.07,scattered clouds,54.3691,60.8136,S
Ponta do Sol,PT,66.83,clear sky,32.6667,-17.1,Hotel do Campo
Port Alfred,ZA,64.06,clear sky,-33.5906,26.891,The Halyards Hotel
Port Augusta,AU,56.71,clear sky,-32.5,137.7667,Majestic Oasis Apartments
Port Elizabeth,ZA,62.28,clear sky,-33.918,25.5701,39 On Nile Guest House
Port Hardy,CA,55.58,broken clouds,50.6996,-127.4199,Airport Inn
Port Lincoln,AU,60.82,overcast clouds,-34.7333,135.8667,Port Lincoln Hotel
Port Macquarie,AU,54.9,clear sky,-31.4333,152.9167,Rydges Port Macquarie
Port Moresby,PG,76.75,overcast clouds,-9.4431,147.1797,Lamana Hotel
Port-Cartier,CA,54.03,broken clouds,50.0334,-66.8654,Le Q'Artier
Portland,US,65.14,overcast clouds,45.5234,-122.6762,Embassy Suites by Hilton Portland Downtown
Porto-Novo,BJ,79.36,overcast clouds,6.4965,2.6036,Tour Eiffel Hotel Benin
Porto Santo,PT,66.11,scattered clouds,33.072,-16.3415,Hotel Porto Santo & Spa
Praia,CV,73.94,broken clouds,14.9215,-23.5087,LT Aparthotel
Praia da Vit√≥ria,PT,66.45,few clouds,38.7333,-27.0667,Hotel Branco I
Praia,CV,73.94,scattered clouds,14.9215,-23.5087,LT Aparthotel
Prince Rupert,CA,51.89,light rain,54.3161,-130.3201,Crest Hotel
Provideniya,RU,44.71,broken clouds,64.3833,-173.3,
Puerto Baquerizo Moreno,EC,73.8,broken clouds,-0.9,-89.6,Hotel los Algarrobos
Port Montt,CL,49.03,overcast clouds,-41.4698,-72.9447,Gran Hotel Vicente Costanera
Pullman,US,61.41,overcast clouds,46.7313,-117.1796,"Holiday Inn Express & Suites Pullman, an IHG Hotel"
Punta Arenas,CL,41.11,clear sky,-53.15,-70.9167,Hotel Dreams Del Estrecho
Qaanaaq,GL,40.37,broken clouds,77.484,-69.3632,Qaanaaq Hotel
Qaqortoq,GL,41.27,overcast clouds,60.7167,-46.0333,Hotel Qaqortoq
Qasigiannguit,GL,37.65,broken clouds,68.8193,-51.1922,Hotel Diskobay
Qax,AZ,54.59,overcast clouds,41.4225,46.9242,El Resort Hotel
Quatre Cocos,MU,75.31,light rain,-20.2078,57.7625,Emeraude Beach Attitude Hotel
Quelimane,MZ,64.35,few clouds,-17.8786,36.8883,Hotel Flamingo
Raudeberg,NO,52.47,clear sky,61.9875,5.1352,Nordre Silda.
Rawson,AR,49.62,broken clouds,-43.3002,-65.1023,Hosteria Sampedro
Reinosa,ES,50.86,overcast clouds,42.9996,-4.138,Hotel Vejo
Ribeira Grande,PT,65.16,overcast clouds,38.5167,-28.7,Quinta da Meia Eira
Richards Bay,ZA,58.06,clear sky,-28.783,32.0377,BON Hotel Waterfront Richards Bay
Rikitea,PF,76.77,overcast clouds,-23.1203,-134.9692,Pension Maro'i
Rio Claro,BR,65.8,broken clouds,-22.4114,-47.5614,Hotel Vivendas Rio Claro by Atlantica
R√≠o Gallegos,AR,39.25,scattered clouds,-51.6226,-69.2181,Hotel Santa Cruz
Roebourne,AU,74.41,broken clouds,-20.7833,117.1333,Latitude20 Roebourne Village
Arrondissement de Saint-Denis,FR,64.15,clear sky,48.9167,2.3333,ibis budget Paris Porte de Montmartre
Saint-Joseph,RE,71.98,light rain,-21.3667,55.6167,"""Plantation Bed and Breakfast"
Saint-Philippe,RE,72.99,light rain,-21.3585,55.7679,"Chambres d'h√¥te ""La Trinit√©"""
Sainte-Marie,RE,73.56,light rain,-20.8968,55.5496,Les pailles en queue de Sainte Marie
Saldanha,ZA,57.25,clear sky,-33.0117,17.9442,Blue Bay Lodge
Salekhard,RU,34.95,clear sky,66.53,66.6019,Hotel 89
Samarai,PG,78.67,overcast clouds,-10.6167,150.6667,Nuli Sapi
Sampit,ID,74.48,broken clouds,-2.5333,112.95,Aquarius Boutique Hotel Sampit
Bariloche,AR,40.75,light rain,-41.1456,-71.3082,Hotel Patagonia
San Cristobal,VE,73.58,overcast clouds,7.7669,-72.225,Posada Villaven C.A.
San Isidro,PE,66.02,overcast clouds,-12.1167,-77.05,Soul Mate-Inn
San Jer√≥nimo,PE,52.18,broken clouds,-11.9472,-75.2829,Tuki Llajta Pueblo Bonito Eco Lodge
San Juan,AR,66.72,clear sky,-31.5375,-68.5364,Hotel Provincial
San Lorenzo,PY,67.14,overcast clouds,-25.3333,-57.5333,Hotel del Sur
San Policarpo,PH,79.14,overcast clouds,12.1791,125.5072,JM Lodge
San Quint√≠n,MX,65.57,few clouds,30.4833,-115.95,Don Eddie's Sport Fishing Center
San Vicente,AR,58.26,moderate rain,-26.6167,-54.1333,Complejo Tur√≠stico Farelluk
Santa Barbara,US,70.23,clear sky,34.7333,-120.0343,Upper Ballard Campground
Santar√©m,BR,78.93,clear sky,-2.4431,-54.7083,Ecotur Lodge
S√£o Jo√£o,BR,64.33,few clouds,-8.8756,-36.3667,Ch√°cara M√£e Natureza
S√£o Jo√£o da Barra,BR,74.34,moderate rain,-21.6403,-41.0511,Pousada Porto De Canoas
Saryg-Sep,RU,40.19,overcast clouds,51.5,95.6,
Saskylakh,RU,39.24,broken clouds,71.9167,114.0833,
Sechura,PE,72.81,overcast clouds,-5.5569,-80.8222,Hospedaje Costa Bella
Serebryansk,KZ,42.35,clear sky,49.6925,83.2892,"Gostinitsa ""Vodoley"""
Severo-Kuril'sk,RU,43.0,overcast clouds,50.6789,156.125,Kak Doma
Severo-Yeniseyskiy,RU,39.87,light rain,60.3725,93.0408,Aktolik
Shache,CN,75.52,scattered clouds,38.4167,77.2406,Delong Hotel
Shelbyville,US,74.52,clear sky,35.4834,-86.4603,Best Western Shelbyville Inn And Suites Celebration Inn
Shetpe,KZ,67.23,few clouds,44.1667,52.1167,Rtsm Shetpe Analog
Shƒ´eli,KZ,74.77,clear sky,44.1667,66.75,Gostinitsa Aybek Shieli
Shimoda,JP,73.17,overcast clouds,34.6667,138.95,Shimoda Tokyu Hotel
Shing≈´,JP,70.79,moderate rain,33.7333,135.9833,Shingu UI Hotel
Shizunai-furukawach≈ç,JP,58.5,overcast clouds,42.3339,142.3669,Shizunai Eclipse Hotel
Shunyi,CN,75.83,clear sky,40.125,116.6453,Beijing Mingchen Holiday Hotel
Sierpc,PL,55.83,overcast clouds,52.8568,19.6691,"Bar ""MaxiM"" - Restauracja, Catering, Sale Bankietowe, Hotel"
Sinnamary,GF,76.01,overcast clouds,5.3833,-52.95,ALETHEIA Appartement Sinnamary
Siocon,PH,79.9,overcast clouds,7.7061,122.1353,ABS Hotel
Sisimiut,GL,42.8,overcast clouds,66.9395,-53.6735,Hotel Sisimiut
Sitka,US,51.03,light rain,57.0531,-135.33,Westmark Sitka
Sobolevo,RU,54.46,broken clouds,54.4299,31.8996,
Soledade,BR,52.75,overcast clouds,-28.8183,-52.5103,Pousada Da Gringa
Solnechnyy,RU,55.81,broken clouds,50.7214,136.6319,Hotel complex Pastoral
Soltvadkert,HU,60.82,clear sky,46.5789,19.3939,Frittmann Bor√°szat √©s Panzi√≥
Sorata,BO,43.0,broken clouds,-15.7667,-68.6333,El Encanto Sorata
S√∏rland,NO,52.21,overcast clouds,67.667,12.6934,Sjybrygga fiskecamp
Sorong,ID,79.21,overcast clouds,-0.8833,131.25,waigo splash hotel
Sosnovo-Ozerskoye,RU,48.9,overcast clouds,52.5249,111.5418,
Souillac,MU,75.58,light rain,-20.5167,57.5167,Shanti Maurice Resort & Spa
Soyo,AO,75.51,scattered clouds,-6.1349,12.3689,Hotel Mpampa
Springbok,ZA,56.75,clear sky,-29.6643,17.8865,Undulata Country Lodge
Srednekolymsk,RU,44.58,overcast clouds,67.45,153.6833,
Forsytheganj,BY,54.91,broken clouds,52.6333,29.7333,Hotel Svetlogorsk JBIK
Swift Current,CA,62.94,broken clouds,50.2834,-107.8014,"Motel 6 Swift Current, SK"
Tabou,CI,78.53,overcast clouds,4.423,-7.3528,hot√™l doufoulougou
Tabuk,PH,75.79,overcast clouds,17.4189,121.4443,Golden Berries Hotel and Convention
Tacna,PE,56.3,broken clouds,-18.0056,-70.2483,Hotel Col√≥n Inn
Tadine,NC,72.77,overcast clouds,-21.55,167.8833,
Takoradze,GH,79.43,clear sky,4.8845,-1.7554,Raybow International Hotel
Talnakh,RU,31.59,light snow,69.4865,88.3972,Talnakh Hotel
Tasiilaq,GL,39.29,overcast clouds,65.6145,-37.6368,The Red House
Tawang Town,IN,54.23,overcast clouds,27.5833,91.8667,Hotel Mount View
Tazmalt,DZ,65.41,few clouds,36.3868,4.3989,H√¥tel Num√©dia
Tazovsky,RU,32.09,overcast clouds,67.4667,78.7,TazHostel
Te Anau,NZ,42.51,few clouds,-45.4167,167.7167,Kingsgate Hotel Te Anau
Teguise,ES,64.62,broken clouds,29.0605,-13.564,B&B La Casona de Nazaret
Tevriz,RU,52.5,scattered clouds,57.509,72.4042,Postoyalyy Dvor
Teya,RU,43.45,light rain,60.3778,92.6267,
Thompson,CA,60.96,overcast clouds,55.7435,-97.8558,Burntwood Hotel
Tieli,CN,60.64,clear sky,46.95,128.05,Dynasty Hotel
Tieling,CN,71.92,clear sky,42.2931,123.8414,Tieling 99 Yuejia Business Guest House
Tigil',RU,55.31,overcast clouds,57.8,158.6667,Tigil'
Tiksi,RU,43.83,overcast clouds,71.6872,128.8694,Arktika
Tilichiki,RU,37.87,light rain,60.4667,166.1,
Torbay,CA,45.28,broken clouds,47.6666,-52.7314,Gallows Cove
Torzhok,RU,56.3,broken clouds,57.0436,34.9622,Hotel Torzhok
Trairi,BR,77.27,few clouds,-3.2778,-39.2689,janelas do mar
Trat,TH,75.9,heavy intensity rain,12.5,102.5,‡∏™‡∏ß‡∏ô‡∏´‡∏ô‡∏¥‡∏á-‡∏≠‡∏±‡∏®
Trelew,AR,48.88,broken clouds,-43.249,-65.3051,Hotel Touring Club
Trindade,BR,74.32,overcast clouds,-16.6494,-49.4889,Pousada Central
Tsaratanana,MG,66.6,broken clouds,-16.7833,47.65,
Tuatapere,NZ,49.82,few clouds,-46.1333,167.6833,Ron and Tony's Bed & Breakfast
San Miguel de Tucum√°n,AR,59.0,overcast clouds,-26.8241,-65.2226,HOTEL MIAMI
Tuktoyaktuk,CA,35.6,overcast clouds,69.4541,-133.0374,End of The Road Ltd.
Tulun,RU,48.0,broken clouds,54.5611,100.5792,–ö–≤–∞—Ä—Ç–∏—Ä–∞
Turukhansk,RU,33.85,broken clouds,65.8167,87.9833,"–û–û–û ""–¢—É—Ä—É—Ö–∞–Ω—Å–∫–∞—è –ø—É—à–Ω–∏–Ω–∞"""
Ucluelet,CA,53.04,overcast clouds,48.9329,-125.5528,Black Rock Oceanfront Resort
Ulladulla,AU,59.88,overcast clouds,-35.35,150.4667,Sandpiper Motel
Ulu-Telyak,RU,50.79,clear sky,54.9086,56.9669,
Umba,RU,41.41,clear sky,66.6871,34.3429,Cedar Grass Beloye More
Upernavik,GL,37.78,broken clouds,72.7868,-56.1549,Gina's Guesthouse - Upernavik
Ushuaia,AR,44.26,scattered clouds,-54.8,-68.3,Albatros Hotel
Vaini,TO,77.16,broken clouds,-21.2,-175.2,Keleti Beach Resort
Van,TR,49.35,clear sky,38.4924,43.3831,Elite World Van Hotel
Vanimo,PG,78.62,overcast clouds,-2.6741,141.3028,Vahmoneh Lodge Vanimo
Vao,NC,70.11,overcast clouds,-22.6667,167.4833,Hotel Kou-Bugny
Vard√∏,NO,39.15,clear sky,70.3705,31.1107,Vard√∏ Hotel AS
Verkhnyaya Inta,RU,37.2,overcast clouds,65.9811,60.3094,
Verkhnyaya Maksakovka,RU,57.22,broken clouds,61.635,50.9674,Baza Otdyha Maybyr
Verkhoyansk,RU,54.46,overcast clouds,67.5447,133.385,
Vestmanna,FO,47.32,drizzle,62.1564,-7.1664,Budget Guesthouse Borgustova
Vestmannaeyjar,IS,47.98,overcast clouds,63.4427,-20.2734,Glamping & Camping
Viedma,AR,49.87,overcast clouds,-40.8135,-62.9967,Hotel Cristal
Vikes√•,NO,54.0,overcast clouds,58.6376,6.0913,Bjerkreim Camping Gjedrem
Vikulovo,RU,53.71,scattered clouds,56.8167,70.6107,"Ooo ""Sistema Stroy"""
Vila,PT,55.33,few clouds,42.0304,-8.1588,Hotel Castrum Villae by Walk Hotels
Vila Franca do Campo,PT,64.81,overcast clouds,37.7167,-25.4333,Pestana Bahia Praia
Vila Velha,BR,73.35,clear sky,-20.3297,-40.2925,Quality Suites Vila Velha
Vostok,RU,60.08,broken clouds,46.4856,135.8833,
Waingapu,ID,77.5,scattered clouds,-9.6567,120.2641,Pondok Wisata Elim
Waipawa,NZ,53.46,overcast clouds,-41.4122,175.5153,Tora Coastal Walk
Wakkanai,JP,52.68,overcast clouds,45.4094,141.6739,Hy≈çsetsu-s≈ç
Watsa,CD,61.2,broken clouds,3.0372,29.5355,H√¥tel Le Pacifique
Whitehaven,GB,56.17,broken clouds,54.549,-3.5841,Premier Inn Whitehaven hotel
Whitehorse,CA,55.02,moderate rain,60.7161,-135.0538,The Sternwheeler Hotel & Conference Centre
W≈Çadys≈Çawowo,PL,57.94,few clouds,54.7909,18.4009,Gwiazda Morza Resort SPA&SPORT
Wukari,NG,73.0,moderate rain,7.85,9.7833,Elimtop
Xiaoweizhai,CN,67.8,scattered clouds,26.1903,107.5125,Karst Youth Hostel
Oddur,SO,73.0,scattered clouds,4.1213,43.8894,Banjanay Hotel
Yellowknife,CA,50.56,broken clouds,62.456,-114.3525,The Explorer Hotel
Yeniseysk,RU,54.39,overcast clouds,58.4497,92.1703,"""Domino"""
Yeppoon,AU,58.78,broken clouds,-23.1333,150.7333,Villa Mar Colina
Yerbogach√´n,RU,42.98,clear sky,61.2767,108.0108,
Yulara,AU,39.04,scattered clouds,-25.2406,130.9889,Desert Gardens Hotel - Ayers Rock Resort
Yumen,CN,58.68,broken clouds,40.2833,97.2,
Yurimaguas,PE,75.61,overcast clouds,-5.9,-76.0833,Rio Huallaga Hotel & Business Center
Zabul Province,AF,71.55,clear sky,32.25,67.25,
Zelenoborsk,RU,44.55,overcast clouds,61.4669,64.0333,
Zheleznodorozhnyy,RU,61.32,overcast clouds,55.7503,38.0042,Hotel Dali
Zhigansk,RU,52.45,overcast clouds,66.7697,123.3711,Gostinichnyy Kompleks Aylgy
Zlobin,HR,58.3,clear sky,45.2924,14.6541,Hotel Bitoraj Fuzine
Zyryanka,RU,46.0,overcast clouds,65.75,150.85,
